AISC_Manual_Label,Unnamed: 0,level_0,index,AISC_Manual_Label.1,A.1,d.1,W.1,rx.1,ry.1,Sx.1,Sy.1,bf.1,tf.1,tw.1,Ix.1,Iy.1
W14X82,0,201,201,W360X122,15500.000 mm²,363.000 mm,122.0,154.0,63.0,2020000.000 mm³,480000.000 mm³,257.000 mm,21.700 mm,13.000 mm,367000000.000 mm⁴,61600000.000 mm⁴
W10X112,1,242,242,W250X167,21200.000 mm²,290.000 mm,167.0,118.0,68.1,2060000.000 mm³,742000.000 mm³,264.000 mm,31.800 mm,19.200 mm,298000000.000 mm⁴,98200000.000 mm⁴
W21X62,2,135,135,W530X92,11800.000 mm²,533.000 mm,92.0,217.0,45.0,2080000.000 mm³,229000.000 mm³,209.000 mm,15.600 mm,10.200 mm,554000000.000 mm⁴,23900000.000 mm⁴
W18X71,3,156,156,W460X106,13500.000 mm²,470.000 mm,106.0,191.0,43.2,2080000.000 mm³,259000.000 mm³,194.000 mm,20.600 mm,12.600 mm,487000000.000 mm⁴,25100000.000 mm⁴
W24X62,4,118,118,W610X92,11700.000 mm²,602.000 mm,92.0,234.0,35.1,2150000.000 mm³,161000.000 mm³,179.000 mm,15.000 mm,10.900 mm,645000000.000 mm⁴,14400000.000 mm⁴
W12X96,5,225,225,W310X143,18200.000 mm²,323.000 mm,143.0,138.0,78.5,2150000.000 mm³,728000.000 mm³,310.000 mm,22.900 mm,14.000 mm,347000000.000 mm⁴,112000000.000 mm⁴
W16X77,6,166,166,W410X114,14600.000 mm²,419.000 mm,114.0,178.0,62.7,2200000.000 mm³,441000.000 mm³,262.000 mm,19.300 mm,11.600 mm,462000000.000 mm⁴,57400000.000 mm⁴
W21X68,7,134,134,W530X101,12900.000 mm²,536.000 mm,101.0,218.0,45.7,2290000.000 mm³,257000.000 mm³,210.000 mm,17.400 mm,10.900 mm,616000000.000 mm⁴,26900000.000 mm⁴
W14X90,8,200,200,W360X134,17100.000 mm²,356.000 mm,134.0,156.0,94.0,2340000.000 mm³,818000.000 mm³,368.000 mm,18.000 mm,11.200 mm,416000000.000 mm⁴,151000000.000 mm⁴
W12X106,9,224,224,W310X158,20100.000 mm²,328.000 mm,158.0,139.0,79.0,2380000.000 mm³,808000.000 mm³,310.000 mm,25.100 mm,15.500 mm,388000000.000 mm⁴,125000000.000 mm⁴
W18X76,10,155,155,W460X113,14400.000 mm²,462.000 mm,113.0,196.0,66.3,2390000.000 mm³,452000.000 mm³,279.000 mm,17.300 mm,10.800 mm,554000000.000 mm⁴,63300000.000 mm⁴
W21X73,11,133,133,W530X109,13900.000 mm²,538.000 mm,109.0,219.0,46.0,2470000.000 mm³,279000.000 mm³,211.000 mm,18.800 mm,11.600 mm,666000000.000 mm⁴,29400000.000 mm⁴
W24X68,12,117,117,W610X101,13000.000 mm²,602.000 mm,101.0,243.0,47.5,2520000.000 mm³,257000.000 mm³,228.000 mm,14.900 mm,10.500 mm,762000000.000 mm⁴,29300000.000 mm⁴
W16X89,13,165,165,W410X132,16900.000 mm²,427.000 mm,132.0,179.0,63.2,2540000.000 mm³,515000.000 mm³,264.000 mm,22.200 mm,13.300 mm,541000000.000 mm⁴,67800000.000 mm⁴
W14X99,14,199,199,W360X147,18800.000 mm²,361.000 mm,147.0,157.0,94.2,2570000.000 mm³,905000.000 mm³,371.000 mm,19.800 mm,12.300 mm,462000000.000 mm⁴,167000000.000 mm⁴
W12X120,15,223,223,W310X179,22700.000 mm²,333.000 mm,179.0,140.0,79.5,2670000.000 mm³,918000.000 mm³,312.000 mm,28.200 mm,18.000 mm,445000000.000 mm⁴,144000000.000 mm⁴
W18X86,16,154,154,W460X128,16300.000 mm²,467.000 mm,128.0,197.0,66.8,2720000.000 mm³,518000.000 mm³,282.000 mm,19.600 mm,12.200 mm,637000000.000 mm⁴,72800000.000 mm⁴
W21X83,17,132,132,W530X123,15700.000 mm²,544.000 mm,123.0,220.0,46.5,2800000.000 mm³,320000.000 mm³,212.000 mm,21.200 mm,13.100 mm,762000000.000 mm⁴,33900000.000 mm⁴
W14X109,18,198,198,W360X162,20600.000 mm²,363.000 mm,162.0,158.0,94.7,2830000.000 mm³,1000000.000 mm³,371.000 mm,21.800 mm,13.300 mm,516000000.000 mm⁴,186000000.000 mm⁴
W16X100,19,164,164,W410X149,19000.000 mm²,432.000 mm,149.0,180.0,63.8,2870000.000 mm³,585000.000 mm³,264.000 mm,25.000 mm,14.900 mm,620000000.000 mm⁴,77400000.000 mm⁴
W24X76,20,116,116,W610X113,14500.000 mm²,607.000 mm,113.0,246.0,48.8,2880000.000 mm³,302000.000 mm³,228.000 mm,17.300 mm,11.200 mm,874000000.000 mm⁴,34300000.000 mm⁴
W12X136,21,222,222,W310X202,25700.000 mm²,340.000 mm,202.0,142.0,80.3,3050000.000 mm³,1050000.000 mm³,315.000 mm,31.800 mm,20.100 mm,516000000.000 mm⁴,166000000.000 mm⁴
W18X97,22,153,153,W460X144,18400.000 mm²,472.000 mm,144.0,199.0,67.3,3080000.000 mm³,592000.000 mm³,282.000 mm,22.100 mm,13.600 mm,728000000.000 mm⁴,83700000.000 mm⁴
W14X120,23,197,197,W360X179,22800.000 mm²,368.000 mm,179.0,158.0,95.0,3110000.000 mm³,1110000.000 mm³,373.000 mm,23.900 mm,15.000 mm,574000000.000 mm⁴,206000000.000 mm⁴
W21X93,24,131,131,W530X138,17600.000 mm²,549.000 mm,138.0,221.0,46.7,3150000.000 mm³,362000.000 mm³,214.000 mm,23.600 mm,14.700 mm,862000000.000 mm⁴,38700000.000 mm⁴
W24X84,25,115,115,W610X125,15900.000 mm²,612.000 mm,125.0,249.0,49.5,3210000.000 mm³,342000.000 mm³,229.000 mm,19.600 mm,11.900 mm,986000000.000 mm⁴,39300000.000 mm⁴
W18X106,26,152,152,W460X158,20100.000 mm²,475.000 mm,158.0,199.0,67.6,3340000.000 mm³,646000.000 mm³,284.000 mm,23.900 mm,15.000 mm,795000000.000 mm⁴,91600000.000 mm⁴
W14X132,27,196,196,W360X196,25000.000 mm²,373.000 mm,196.0,160.0,95.5,3420000.000 mm³,1220000.000 mm³,373.000 mm,26.200 mm,16.400 mm,637000000.000 mm⁴,228000000.000 mm⁴
W12X152,28,221,221,W310X226,28800.000 mm²,348.000 mm,226.0,144.0,81.0,3420000.000 mm³,1190000.000 mm³,318.000 mm,35.600 mm,22.100 mm,595000000.000 mm⁴,189000000.000 mm⁴
W27X84,29,98,98,W690X125,15900.000 mm²,678.000 mm,125.0,272.0,52.6,3490000.000 mm³,347000.000 mm³,254.000 mm,16.300 mm,11.700 mm,1190000000.000 mm⁴,44100000.000 mm⁴
W24X94,30,114,114,W610X140,17900.000 mm²,617.000 mm,140.0,251.0,50.3,3640000.000 mm³,393000.000 mm³,230.000 mm,22.200 mm,13.100 mm,1120000000.000 mm⁴,45400000.000 mm⁴
W21X101,31,130,130,W530X150,19200.000 mm²,544.000 mm,150.0,229.0,73.4,3720000.000 mm³,660000.000 mm³,312.000 mm,20.300 mm,12.700 mm,1010000000.000 mm⁴,103000000.000 mm⁴
W18X119,32,151,151,W460X177,22600.000 mm²,483.000 mm,177.0,201.0,68.3,3790000.000 mm³,736000.000 mm³,287.000 mm,26.900 mm,16.600 mm,912000000.000 mm⁴,105000000.000 mm⁴
W14X145,33,195,195,W360X216,27500.000 mm²,376.000 mm,216.0,161.0,101.0,3800000.000 mm³,1430000.000 mm³,394.000 mm,27.700 mm,17.300 mm,712000000.000 mm⁴,282000000.000 mm⁴
W12X170,34,220,220,W310X253,32300.000 mm²,356.000 mm,253.0,146.0,81.8,3850000.000 mm³,1350000.000 mm³,320.000 mm,39.600 mm,24.400 mm,687000000.000 mm⁴,215000000.000 mm⁴
W27X94,35,97,97,W690X140,17800.000 mm²,683.000 mm,140.0,277.0,53.8,3980000.000 mm³,406000.000 mm³,254.000 mm,18.900 mm,12.400 mm,1360000000.000 mm⁴,51600000.000 mm⁴
W30X90,36,81,81,W760X134,17000.000 mm²,749.000 mm,134.0,297.0,53.1,4010000.000 mm³,362000.000 mm³,264.000 mm,15.500 mm,11.900 mm,1500000000.000 mm⁴,47900000.000 mm⁴
W24X103,37,113,113,W610X153,19500.000 mm²,622.000 mm,153.0,254.0,50.5,4010000.000 mm³,434000.000 mm³,229.000 mm,24.900 mm,14.000 mm,1250000000.000 mm⁴,49500000.000 mm⁴
W21X111,38,129,129,W530X165,21000.000 mm²,546.000 mm,165.0,230.0,73.7,4080000.000 mm³,729000.000 mm³,312.000 mm,22.200 mm,14.000 mm,1110000000.000 mm⁴,114000000.000 mm⁴
W14X159,39,194,194,W360X237,30100.000 mm²,381.000 mm,237.0,162.0,102.0,4160000.000 mm³,1580000.000 mm³,396.000 mm,30.200 mm,18.900 mm,791000000.000 mm⁴,311000000.000 mm⁴
W18X130,40,150,150,W460X193,24700.000 mm²,490.000 mm,193.0,204.0,68.6,4200000.000 mm³,818000.000 mm³,284.000 mm,30.500 mm,17.000 mm,1020000000.000 mm⁴,116000000.000 mm⁴
W24X104,41,112,112,W610X155,19800.000 mm²,612.000 mm,155.0,257.0,73.9,4230000.000 mm³,667000.000 mm³,325.000 mm,19.100 mm,12.700 mm,1290000000.000 mm⁴,108000000.000 mm⁴
W12X190,42,219,219,W310X283,36100.000 mm²,366.000 mm,283.0,148.0,82.6,4310000.000 mm³,1520000.000 mm³,323.000 mm,44.200 mm,26.900 mm,787000000.000 mm⁴,245000000.000 mm⁴
W27X102,43,96,96,W690X152,19400.000 mm²,688.000 mm,152.0,279.0,54.6,4380000.000 mm³,456000.000 mm³,254.000 mm,21.100 mm,13.100 mm,1510000000.000 mm⁴,57900000.000 mm⁴
W30X99,44,80,80,W760X147,18700.000 mm²,754.000 mm,147.0,297.0,53.3,4410000.000 mm³,401000.000 mm³,267.000 mm,17.000 mm,13.200 mm,1660000000.000 mm⁴,53300000.000 mm⁴
W21X122,45,128,128,W530X182,23200.000 mm²,551.000 mm,182.0,231.0,74.2,4470000.000 mm³,806000.000 mm³,315.000 mm,24.400 mm,15.200 mm,1230000000.000 mm⁴,127000000.000 mm⁴
W14X176,46,193,193,W360X262,33400.000 mm²,386.000 mm,262.0,163.0,102.0,4600000.000 mm³,1750000.000 mm³,399.000 mm,33.300 mm,21.100 mm,891000000.000 mm⁴,349000000.000 mm⁴
W18X143,47,149,149,W460X213,27100.000 mm²,495.000 mm,213.0,205.0,69.1,4620000.000 mm³,909000.000 mm³,284.000 mm,33.500 mm,18.500 mm,1140000000.000 mm⁴,129000000.000 mm⁴
W24X117,48,111,111,W610X174,22200.000 mm²,617.000 mm,174.0,257.0,74.7,4770000.000 mm³,762000.000 mm³,325.000 mm,21.600 mm,14.000 mm,1470000000.000 mm⁴,124000000.000 mm⁴
W12X210,49,218,218,W310X313,39900.000 mm²,373.000 mm,313.0,150.0,83.3,4790000.000 mm³,1700000.000 mm³,325.000 mm,48.300 mm,30.000 mm,891000000.000 mm⁴,276000000.000 mm⁴
W21X132,50,127,127,W530X196,25000.000 mm²,554.000 mm,196.0,232.0,74.4,4830000.000 mm³,877000.000 mm³,315.000 mm,26.400 mm,16.500 mm,1340000000.000 mm⁴,139000000.000 mm⁴
W27X114,51,95,95,W690X170,21700.000 mm²,693.000 mm,170.0,279.0,55.4,4900000.000 mm³,516000.000 mm³,257.000 mm,23.600 mm,14.500 mm,1700000000.000 mm⁴,66200000.000 mm⁴
W30X108,52,79,79,W760X161,20500.000 mm²,757.000 mm,161.0,302.0,54.6,4900000.000 mm³,457000.000 mm³,267.000 mm,19.300 mm,13.800 mm,1860000000.000 mm⁴,60800000.000 mm⁴
W18X158,53,148,148,W460X235,29900.000 mm²,500.000 mm,235.0,206.0,69.6,5080000.000 mm³,1010000.000 mm³,287.000 mm,36.600 mm,20.600 mm,1270000000.000 mm⁴,144000000.000 mm⁴
W14X193,54,192,192,W360X287,36600.000 mm²,394.000 mm,287.0,165.0,103.0,5080000.000 mm³,1950000.000 mm³,399.000 mm,36.600 mm,22.600 mm,999000000.000 mm⁴,388000000.000 mm⁴
W12X230,55,217,217,W310X342,43700.000 mm²,384.000 mm,342.0,152.0,84.1,5260000.000 mm³,1880000.000 mm³,328.000 mm,52.600 mm,32.800 mm,1010000000.000 mm⁴,309000000.000 mm⁴
W24X131,56,110,110,W610X195,24900.000 mm²,622.000 mm,195.0,259.0,75.4,5390000.000 mm³,869000.000 mm³,328.000 mm,24.400 mm,15.400 mm,1670000000.000 mm⁴,142000000.000 mm⁴
W21X147,57,126,126,W530X219,27900.000 mm²,561.000 mm,219.0,233.0,74.9,5390000.000 mm³,985000.000 mm³,318.000 mm,29.200 mm,18.300 mm,1510000000.000 mm⁴,157000000.000 mm⁴
W30X116,58,78,78,W760X173,22100.000 mm²,762.000 mm,173.0,305.0,55.6,5390000.000 mm³,513000.000 mm³,267.000 mm,21.600 mm,14.400 mm,2050000000.000 mm⁴,68300000.000 mm⁴
W14X211,59,191,191,W360X314,40000.000 mm²,399.000 mm,314.0,166.0,103.0,5540000.000 mm³,2130000.000 mm³,401.000 mm,39.600 mm,24.900 mm,1110000000.000 mm⁴,429000000.000 mm⁴
W18X175,60,147,147,W460X260,33200.000 mm²,508.000 mm,260.0,208.0,70.1,5640000.000 mm³,1130000.000 mm³,290.000 mm,40.400 mm,22.600 mm,1440000000.000 mm⁴,163000000.000 mm⁴
W27X129,61,94,94,W690X192,24400.000 mm²,701.000 mm,192.0,284.0,56.1,5650000.000 mm³,603000.000 mm³,254.000 mm,27.900 mm,15.500 mm,1980000000.000 mm⁴,76600000.000 mm⁴
W12X252,62,216,216,W310X375,47800.000 mm²,391.000 mm,375.0,154.0,84.8,5780000.000 mm³,2080000.000 mm³,330.000 mm,57.200 mm,35.600 mm,1130000000.000 mm⁴,345000000.000 mm⁴
W30X124,63,77,77,W760X185,23500.000 mm²,767.000 mm,185.0,307.0,56.6,5820000.000 mm³,564000.000 mm³,267.000 mm,23.600 mm,14.900 mm,2230000000.000 mm⁴,75300000.000 mm⁴
W33X118,64,65,65,W840X176,22400.000 mm²,836.000 mm,176.0,330.0,58.9,5880000.000 mm³,534000.000 mm³,292.000 mm,18.800 mm,14.000 mm,2460000000.000 mm⁴,77800000.000 mm⁴
W24X146,65,109,109,W610X217,27700.000 mm²,627.000 mm,217.0,262.0,76.5,6080000.000 mm³,991000.000 mm³,328.000 mm,27.700 mm,16.500 mm,1910000000.000 mm⁴,163000000.000 mm⁴
W14X233,66,190,190,W360X347,44200.000 mm²,406.000 mm,347.0,168.0,104.0,6150000.000 mm³,2380000.000 mm³,404.000 mm,43.700 mm,27.200 mm,1250000000.000 mm⁴,479000000.000 mm⁴
W30X132,67,76,76,W760X196,25000.000 mm²,770.000 mm,196.0,310.0,57.2,6230000.000 mm³,610000.000 mm³,267.000 mm,25.400 mm,15.600 mm,2400000000.000 mm⁴,81600000.000 mm⁴
W18X192,68,146,146,W460X286,36300.000 mm²,518.000 mm,286.0,210.0,70.9,6230000.000 mm³,1260000.000 mm³,292.000 mm,44.500 mm,24.400 mm,1610000000.000 mm⁴,183000000.000 mm⁴
W21X166,69,125,125,W530X248,31500.000 mm²,572.000 mm,248.0,238.0,75.9,6230000.000 mm³,1150000.000 mm³,315.000 mm,34.500 mm,19.100 mm,1780000000.000 mm⁴,181000000.000 mm⁴
W12X279,70,215,215,W310X415,52800.000 mm²,404.000 mm,415.0,156.0,85.9,6440000.000 mm³,2340000.000 mm³,333.000 mm,62.700 mm,38.900 mm,1290000000.000 mm⁴,390000000.000 mm⁴
W33X130,71,64,64,W840X193,24700.000 mm²,841.000 mm,193.0,335.0,60.7,6650000.000 mm³,621000.000 mm³,292.000 mm,21.700 mm,14.700 mm,2790000000.000 mm⁴,90700000.000 mm⁴
W27X146,72,93,93,W690X217,27900.000 mm²,696.000 mm,217.0,292.0,81.3,6780000.000 mm³,1040000.000 mm³,356.000 mm,24.800 mm,15.400 mm,2360000000.000 mm⁴,184000000.000 mm⁴
W24X162,73,108,108,W610X241,30800.000 mm²,635.000 mm,241.0,264.0,77.5,6780000.000 mm³,1120000.000 mm³,330.000 mm,31.000 mm,17.900 mm,2150000000.000 mm⁴,184000000.000 mm⁴
W14X257,74,189,189,W360X382,48800.000 mm²,417.000 mm,382.0,170.0,105.0,6800000.000 mm³,2640000.000 mm³,406.000 mm,48.000 mm,30.000 mm,1420000000.000 mm⁴,537000000.000 mm⁴
W21X182,75,124,124,W530X272,34600.000 mm²,577.000 mm,272.0,239.0,76.2,6830000.000 mm³,1270000.000 mm³,318.000 mm,37.600 mm,21.100 mm,1970000000.000 mm⁴,201000000.000 mm⁴
W18X211,76,145,145,W460X315,40200.000 mm²,526.000 mm,315.0,212.0,71.6,6870000.000 mm³,1400000.000 mm³,295.000 mm,48.500 mm,26.900 mm,1800000000.000 mm⁴,205000000.000 mm⁴
W12X305,77,214,214,W310X454,57700.000 mm²,414.000 mm,454.0,160.0,86.9,7130000.000 mm³,2610000.000 mm³,335.000 mm,68.800 mm,41.400 mm,1480000000.000 mm⁴,437000000.000 mm⁴
W30X148,78,75,75,W760X220,28100.000 mm²,780.000 mm,220.0,315.0,57.9,7140000.000 mm³,710000.000 mm³,267.000 mm,30.000 mm,16.500 mm,2780000000.000 mm⁴,94500000.000 mm⁴
W36X135,79,52,52,W920X201,25700.000 mm²,904.000 mm,201.0,356.0,60.5,7190000.000 mm³,618000.000 mm³,305.000 mm,20.100 mm,15.200 mm,3250000000.000 mm⁴,93700000.000 mm⁴
W33X141,80,63,63,W840X210,26800.000 mm²,846.000 mm,210.0,340.0,61.7,7340000.000 mm³,700000.000 mm³,292.000 mm,24.400 mm,15.400 mm,3100000000.000 mm⁴,102000000.000 mm⁴
W24X176,81,107,107,W610X262,33400.000 mm²,640.000 mm,262.0,267.0,77.2,7370000.000 mm³,1220000.000 mm³,328.000 mm,34.000 mm,19.100 mm,2360000000.000 mm⁴,199000000.000 mm⁴
W27X161,82,92,92,W690X240,30700.000 mm²,701.000 mm,240.0,292.0,82.0,7510000.000 mm³,1160000.000 mm³,356.000 mm,27.400 mm,16.800 mm,2630000000.000 mm⁴,207000000.000 mm⁴
W14X283,83,188,188,W360X421,53700.000 mm²,424.000 mm,421.0,172.0,106.0,7520000.000 mm³,2930000.000 mm³,409.000 mm,52.600 mm,32.800 mm,1600000000.000 mm⁴,599000000.000 mm⁴
W21X201,84,123,123,W530X300,38300.000 mm²,584.000 mm,300.0,241.0,76.7,7550000.000 mm³,1410000.000 mm³,320.000 mm,41.400 mm,23.100 mm,2210000000.000 mm⁴,226000000.000 mm⁴
W18X234,85,144,144,W460X349,44300.000 mm²,536.000 mm,349.0,214.0,72.4,7640000.000 mm³,1570000.000 mm³,297.000 mm,53.600 mm,29.500 mm,2040000000.000 mm⁴,232000000.000 mm⁴
W12X336,86,213,213,W310X500,63800.000 mm²,427.000 mm,500.0,163.0,88.1,7910000.000 mm³,2900000.000 mm³,340.000 mm,75.200 mm,45.200 mm,1690000000.000 mm⁴,495000000.000 mm⁴
W33X152,87,62,62,W840X226,29000.000 mm²,851.000 mm,226.0,343.0,62.7,7980000.000 mm³,773000.000 mm³,295.000 mm,26.900 mm,16.100 mm,3400000000.000 mm⁴,114000000.000 mm⁴
W24X192,88,106,106,W610X285,36500.000 mm²,648.000 mm,285.0,267.0,78.0,8050000.000 mm³,1340000.000 mm³,330.000 mm,37.100 mm,20.600 mm,2610000000.000 mm⁴,221000000.000 mm⁴
W36X150,89,51,51,W920X223,28600.000 mm²,912.000 mm,223.0,363.0,62.7,8260000.000 mm³,739000.000 mm³,305.000 mm,23.900 mm,15.900 mm,3760000000.000 mm⁴,112000000.000 mm⁴
W27X178,90,91,91,W690X265,33900.000 mm²,706.000 mm,265.0,295.0,82.6,8280000.000 mm³,1290000.000 mm³,358.000 mm,30.200 mm,18.400 mm,2920000000.000 mm⁴,231000000.000 mm⁴
W14X311,91,187,187,W360X463,59000.000 mm²,434.000 mm,463.0,175.0,107.0,8290000.000 mm³,3260000.000 mm³,411.000 mm,57.400 mm,35.800 mm,1800000000.000 mm⁴,670000000.000 mm⁴
W40X149,92,27,27,W1000X222,28300.000 mm²,970.000 mm,222.0,381.0,58.2,8410000.000 mm³,636000.000 mm³,300.000 mm,21.100 mm,16.000 mm,4080000000.000 mm⁴,95300000.000 mm⁴
W18X258,93,143,143,W460X384,49000.000 mm²,546.000 mm,384.0,217.0,73.2,8420000.000 mm³,1750000.000 mm³,300.000 mm,58.400 mm,32.500 mm,2290000000.000 mm⁴,261000000.000 mm⁴
W21X223,94,122,122,W530X332,42900.000 mm²,594.000 mm,332.0,243.0,77.2,8520000.000 mm³,1580000.000 mm³,323.000 mm,45.500 mm,25.400 mm,2530000000.000 mm⁴,256000000.000 mm⁴
W24X207,95,105,105,W610X307,39200.000 mm²,653.000 mm,307.0,269.0,78.2,8700000.000 mm³,1460000.000 mm³,330.000 mm,39.900 mm,22.100 mm,2840000000.000 mm⁴,241000000.000 mm⁴
W30X173,96,74,74,W760X257,32800.000 mm²,772.000 mm,257.0,323.0,86.9,8870000.000 mm³,1310000.000 mm³,381.000 mm,27.200 mm,16.600 mm,3430000000.000 mm⁴,249000000.000 mm⁴
W36X160,97,50,50,W920X238,30300.000 mm²,914.000 mm,238.0,366.0,63.5,8880000.000 mm³,805000.000 mm³,305.000 mm,25.900 mm,16.500 mm,4060000000.000 mm⁴,123000000.000 mm⁴
W33X169,98,61,61,W840X251,31900.000 mm²,859.000 mm,251.0,348.0,63.5,9000000.000 mm³,883000.000 mm³,292.000 mm,31.000 mm,17.000 mm,3870000000.000 mm⁴,129000000.000 mm⁴
W14X342,99,186,186,W360X509,65200.000 mm²,445.000 mm,509.0,177.0,108.0,9140000.000 mm³,3620000.000 mm³,417.000 mm,62.700 mm,39.100 mm,2040000000.000 mm⁴,753000000.000 mm⁴
W27X194,100,90,90,W690X289,36800.000 mm²,714.000 mm,289.0,297.0,83.6,9160000.000 mm³,1440000.000 mm³,356.000 mm,34.000 mm,19.100 mm,3270000000.000 mm⁴,258000000.000 mm⁴
W18X283,101,142,142,W460X421,53700.000 mm²,556.000 mm,421.0,219.0,73.9,9260000.000 mm³,1930000.000 mm³,302.000 mm,63.500 mm,35.600 mm,2570000000.000 mm⁴,293000000.000 mm⁴
W21X248,102,121,121,W530X369,47600.000 mm²,602.000 mm,369.0,244.0,78.2,9440000.000 mm³,1790000.000 mm³,325.000 mm,50.500 mm,27.900 mm,2840000000.000 mm⁴,291000000.000 mm⁴
W36X170,103,49,49,W920X253,32300.000 mm²,919.000 mm,253.0,368.0,64.3,9520000.000 mm³,872000.000 mm³,305.000 mm,27.900 mm,17.300 mm,4370000000.000 mm⁴,133000000.000 mm⁴
W24X229,104,104,104,W610X341,43400.000 mm²,660.000 mm,341.0,272.0,79.0,9640000.000 mm³,1630000.000 mm³,333.000 mm,43.900 mm,24.400 mm,3180000000.000 mm⁴,271000000.000 mm⁴
W30X191,105,73,73,W760X284,36200.000 mm²,780.000 mm,284.0,325.0,87.9,9830000.000 mm³,1470000.000 mm³,381.000 mm,30.200 mm,18.000 mm,3830000000.000 mm⁴,280000000.000 mm⁴
W40X167,106,26,26,W1000X249,31800.000 mm²,980.000 mm,249.0,389.0,61.0,9830000.000 mm³,785000.000 mm³,300.000 mm,26.200 mm,16.500 mm,4830000000.000 mm⁴,118000000.000 mm⁴
W14X370,107,185,185,W360X551,70300.000 mm²,455.000 mm,551.0,180.0,108.0,9950000.000 mm³,3950000.000 mm³,419.000 mm,67.600 mm,42.200 mm,2260000000.000 mm⁴,828000000.000 mm⁴
W18X311,108,141,141,W460X464,59100.000 mm²,566.000 mm,464.0,221.0,74.9,10200000.000 mm³,2160000.000 mm³,305.000 mm,69.600 mm,38.600 mm,2900000000.000 mm⁴,331000000.000 mm⁴
W36X182,109,48,48,W920X271,34600.000 mm²,922.000 mm,271.0,368.0,64.8,10200000.000 mm³,944000.000 mm³,307.000 mm,30.000 mm,18.400 mm,4700000000.000 mm⁴,144000000.000 mm⁴
W27X217,110,89,89,W690X323,41200.000 mm²,721.000 mm,323.0,300.0,84.3,10300000.000 mm³,1640000.000 mm³,358.000 mm,38.100 mm,21.100 mm,3710000000.000 mm⁴,293000000.000 mm⁴
W21X275,111,120,120,W530X409,52800.000 mm²,612.000 mm,409.0,246.0,78.7,10500000.000 mm³,2000000.000 mm³,328.000 mm,55.600 mm,31.000 mm,3200000000.000 mm⁴,328000000.000 mm⁴
W24X250,112,103,103,W610X372,47400.000 mm²,668.000 mm,372.0,272.0,79.8,10600000.000 mm³,1800000.000 mm³,335.000 mm,48.000 mm,26.400 mm,3530000000.000 mm⁴,301000000.000 mm⁴
W14X398,113,184,184,W360X592,75500.000 mm²,465.000 mm,592.0,182.0,109.0,10700000.000 mm³,4290000.000 mm³,422.000 mm,72.400 mm,45.000 mm,2500000000.000 mm⁴,903000000.000 mm⁴
W30X211,114,72,72,W760X314,40200.000 mm²,785.000 mm,314.0,328.0,88.6,10900000.000 mm³,1640000.000 mm³,384.000 mm,33.500 mm,19.700 mm,4290000000.000 mm⁴,315000000.000 mm⁴
W36X194,115,47,47,W920X289,36800.000 mm²,927.000 mm,289.0,371.0,65.0,10900000.000 mm³,1010000.000 mm³,307.000 mm,32.000 mm,19.400 mm,5040000000.000 mm⁴,156000000.000 mm⁴
W27X235,116,88,88,W690X350,44800.000 mm²,729.000 mm,350.0,300.0,84.6,11100000.000 mm³,1770000.000 mm³,361.000 mm,40.900 mm,23.100 mm,4040000000.000 mm⁴,320000000.000 mm⁴
W40X183,117,25,25,W1000X272,34400.000 mm²,991.000 mm,272.0,399.0,63.2,11100000.000 mm³,918000.000 mm³,300.000 mm,30.500 mm,16.500 mm,5490000000.000 mm⁴,138000000.000 mm⁴
W33X201,118,60,60,W840X299,38100.000 mm²,856.000 mm,299.0,356.0,90.4,11200000.000 mm³,1560000.000 mm³,399.000 mm,29.200 mm,18.200 mm,4830000000.000 mm⁴,312000000.000 mm⁴
W14X426,119,183,183,W360X634,80600.000 mm²,475.000 mm,634.0,184.0,110.0,11600000.000 mm³,4640000.000 mm³,424.000 mm,77.200 mm,47.800 mm,2750000000.000 mm⁴,982000000.000 mm⁴
W24X279,120,102,102,W610X415,52800.000 mm²,678.000 mm,415.0,274.0,80.5,11800000.000 mm³,2030000.000 mm³,338.000 mm,53.100 mm,29.500 mm,4000000000.000 mm⁴,343000000.000 mm⁴
W36X210,121,46,46,W920X313,39900.000 mm²,932.000 mm,313.0,371.0,65.5,11800000.000 mm³,1110000.000 mm³,310.000 mm,34.500 mm,21.100 mm,5490000000.000 mm⁴,171000000.000 mm⁴
W27X258,122,87,87,W690X384,49100.000 mm²,737.000 mm,384.0,302.0,85.3,12200000.000 mm³,1970000.000 mm³,363.000 mm,45.000 mm,24.900 mm,4500000000.000 mm⁴,358000000.000 mm⁴
W30X235,123,71,71,W760X350,44700.000 mm²,795.000 mm,350.0,330.0,89.2,12300000.000 mm³,1870000.000 mm³,384.000 mm,38.100 mm,21.100 mm,4870000000.000 mm⁴,356000000.000 mm⁴
W14X455,124,182,182,W360X677,86500.000 mm²,483.000 mm,677.0,186.0,111.0,12400000.000 mm³,4980000.000 mm³,427.000 mm,81.500 mm,51.300 mm,2990000000.000 mm⁴,1070000000.000 mm⁴
W33X221,125,59,59,W840X329,42100.000 mm²,861.000 mm,329.0,358.0,91.2,12400000.000 mm³,1740000.000 mm³,401.000 mm,32.500 mm,19.700 mm,5370000000.000 mm⁴,350000000.000 mm⁴
W40X199,126,16,16,W1000X296,37900.000 mm²,983.000 mm,296.0,406.0,87.6,12600000.000 mm³,1450000.000 mm³,401.000 mm,27.200 mm,16.500 mm,6200000000.000 mm⁴,289000000.000 mm⁴
W40X211,127,24,24,W1000X314,40100.000 mm²,1.000 m,314.0,401.0,63.8,12900000.000 mm³,1080000.000 mm³,300.000 mm,36.100 mm,19.100 mm,6450000000.000 mm⁴,162000000.000 mm⁴
W24X306,128,101,101,W610X455,57900.000 mm²,688.000 mm,455.0,277.0,81.3,12900000.000 mm³,2250000.000 mm³,340.000 mm,57.900 mm,32.000 mm,4450000000.000 mm⁴,383000000.000 mm⁴
W27X281,129,86,86,W690X419,53600.000 mm²,744.000 mm,419.0,305.0,86.1,13300000.000 mm³,2180000.000 mm³,366.000 mm,49.000 mm,26.900 mm,4950000000.000 mm⁴,397000000.000 mm⁴
W36X232,130,45,45,W920X345,43900.000 mm²,943.000 mm,345.0,376.0,66.5,13300000.000 mm³,1270000.000 mm³,307.000 mm,39.900 mm,22.100 mm,6240000000.000 mm⁴,195000000.000 mm⁴
W33X241,131,58,58,W840X359,45900.000 mm²,869.000 mm,359.0,358.0,91.9,13600000.000 mm³,1930000.000 mm³,404.000 mm,35.600 mm,21.100 mm,5910000000.000 mm⁴,388000000.000 mm⁴
W30X261,132,70,70,W760X389,49700.000 mm²,803.000 mm,389.0,333.0,89.7,13600000.000 mm³,2080000.000 mm³,386.000 mm,41.900 mm,23.600 mm,5450000000.000 mm⁴,399000000.000 mm⁴
W14X500,133,181,181,W360X744,94800.000 mm²,498.000 mm,744.0,190.0,113.0,13700000.000 mm³,5560000.000 mm³,432.000 mm,88.900 mm,55.600 mm,3420000000.000 mm⁴,1200000000.000 mm⁴
W36X231,134,43,43,W920X344,44000.000 mm²,927.000 mm,344.0,384.0,94.2,14000000.000 mm³,1870000.000 mm³,419.000 mm,32.000 mm,19.300 mm,6490000000.000 mm⁴,391000000.000 mm⁴
W40X215,135,15,15,W1000X321,41000.000 mm²,991.000 mm,321.0,411.0,89.9,14100000.000 mm³,1660000.000 mm³,401.000 mm,31.000 mm,16.500 mm,6950000000.000 mm⁴,334000000.000 mm⁴
W24X335,136,100,100,W610X498,63400.000 mm²,699.000 mm,498.0,279.0,82.0,14200000.000 mm³,2490000.000 mm³,343.000 mm,63.000 mm,35.100 mm,4950000000.000 mm⁴,429000000.000 mm⁴
W40X235,137,23,23,W1000X350,44600.000 mm²,1.010 m,350.0,404.0,64.5,14300000.000 mm³,1220000.000 mm³,302.000 mm,40.100 mm,21.100 mm,7240000000.000 mm⁴,185000000.000 mm⁴
W27X307,138,85,85,W690X457,58200.000 mm²,752.000 mm,457.0,305.0,86.6,14500000.000 mm³,2390000.000 mm³,366.000 mm,53.100 mm,29.500 mm,5450000000.000 mm⁴,437000000.000 mm⁴
W36X256,139,44,44,W920X381,48600.000 mm²,951.000 mm,381.0,378.0,67.3,14700000.000 mm³,1420000.000 mm³,310.000 mm,43.900 mm,24.400 mm,6990000000.000 mm⁴,220000000.000 mm⁴
W36X247,140,42,42,W920X368,46800.000 mm²,932.000 mm,368.0,386.0,95.0,15000000.000 mm³,2020000.000 mm³,419.000 mm,34.300 mm,20.300 mm,6950000000.000 mm⁴,420000000.000 mm⁴
W33X263,141,57,57,W840X392,49900.000 mm²,876.000 mm,392.0,363.0,93.0,15100000.000 mm³,2150000.000 mm³,401.000 mm,39.900 mm,22.100 mm,6620000000.000 mm⁴,433000000.000 mm⁴
W30X292,142,69,69,W760X434,55500.000 mm²,813.000 mm,434.0,335.0,90.9,15200000.000 mm³,2360000.000 mm³,389.000 mm,47.000 mm,25.900 mm,6200000000.000 mm⁴,458000000.000 mm⁴
W14X550,143,180,180,W360X818,105000.000 mm²,513.000 mm,818.0,194.0,114.0,15300000.000 mm³,6190000.000 mm³,437.000 mm,97.000 mm,60.500 mm,3930000000.000 mm⁴,1350000000.000 mm⁴
W24X370,144,99,99,W610X551,70300.000 mm²,711.000 mm,551.0,282.0,83.1,15700000.000 mm³,2790000.000 mm³,348.000 mm,69.100 mm,38.600 mm,5580000000.000 mm⁴,483000000.000 mm⁴
W36X262,145,41,41,W920X390,49800.000 mm²,937.000 mm,390.0,389.0,95.5,15900000.000 mm³,2160000.000 mm³,422.000 mm,36.600 mm,21.300 mm,7450000000.000 mm⁴,454000000.000 mm⁴
W27X336,146,84,84,W690X500,64000.000 mm²,762.000 mm,500.0,307.0,87.6,15900000.000 mm³,2650000.000 mm³,371.000 mm,57.900 mm,32.000 mm,6080000000.000 mm⁴,491000000.000 mm⁴
W44X230,147,3,3,W1100X343,43700.000 mm²,1.090 m,343.0,445.0,87.1,15900000.000 mm³,1660000.000 mm³,401.000 mm,31.000 mm,18.000 mm,8660000000.000 mm⁴,331000000.000 mm⁴
W40X264,148,22,22,W1000X393,49900.000 mm²,1.020 m,393.0,401.0,64.0,15900000.000 mm³,1350000.000 mm³,302.000 mm,43.900 mm,24.400 mm,8070000000.000 mm⁴,205000000.000 mm⁴
W40X249,149,14,14,W1000X371,47400.000 mm²,1.000 m,371.0,414.0,90.2,16300000.000 mm³,1930000.000 mm³,401.000 mm,36.100 mm,19.100 mm,8160000000.000 mm⁴,385000000.000 mm⁴
W40X278,150,21,21,W1000X415,53100.000 mm²,1.020 m,415.0,401.0,64.0,16700000.000 mm³,1430000.000 mm³,305.000 mm,46.000 mm,26.200 mm,8530000000.000 mm⁴,217000000.000 mm⁴
W33X291,151,56,56,W840X433,55200.000 mm²,884.000 mm,433.0,366.0,93.5,16700000.000 mm³,2390000.000 mm³,404.000 mm,43.900 mm,24.400 mm,7370000000.000 mm⁴,483000000.000 mm⁴
W30X326,152,68,68,W760X484,61900.000 mm²,823.000 mm,484.0,335.0,91.4,17000000.000 mm³,2650000.000 mm³,391.000 mm,52.100 mm,29.000 mm,6990000000.000 mm⁴,516000000.000 mm⁴
W14X605,153,179,179,W360X900,115000.000 mm²,531.000 mm,900.0,198.0,116.0,17000000.000 mm³,6930000.000 mm³,442.000 mm,106.000 mm,66.000 mm,4500000000.000 mm⁴,1530000000.000 mm⁴
W36X282,154,40,40,W920X420,53500.000 mm²,942.000 mm,420.0,391.0,96.5,17200000.000 mm³,2360000.000 mm³,422.000 mm,39.900 mm,22.500 mm,8160000000.000 mm⁴,499000000.000 mm⁴
W27X368,155,83,83,W690X548,70300.000 mm²,772.000 mm,548.0,310.0,88.4,17400000.000 mm³,2930000.000 mm³,373.000 mm,63.000 mm,35.100 mm,6740000000.000 mm⁴,545000000.000 mm⁴
W40X294,156,20,20,W1000X438,55600.000 mm²,1.030 m,438.0,404.0,64.8,17700000.000 mm³,1530000.000 mm³,305.000 mm,49.000 mm,26.900 mm,9120000000.000 mm⁴,234000000.000 mm⁴
W40X277,157,13,13,W1000X412,52600.000 mm²,1.010 m,412.0,417.0,90.9,18000000.000 mm³,2160000.000 mm³,401.000 mm,40.100 mm,21.100 mm,9120000000.000 mm⁴,433000000.000 mm⁴
W44X262,158,2,2,W1100X390,49800.000 mm²,1.100 m,390.0,450.0,88.1,18200000.000 mm³,1920000.000 mm³,401.000 mm,36.100 mm,19.900 mm,10000000000.000 mm⁴,384000000.000 mm⁴
W33X318,159,55,55,W840X473,60500.000 mm²,894.000 mm,473.0,368.0,94.2,18200000.000 mm³,2640000.000 mm³,406.000 mm,48.000 mm,26.400 mm,8120000000.000 mm⁴,537000000.000 mm⁴
W36X302,160,39,39,W920X449,57400.000 mm²,947.000 mm,449.0,391.0,97.0,18500000.000 mm³,2560000.000 mm³,424.000 mm,42.700 mm,24.000 mm,8780000000.000 mm⁴,541000000.000 mm⁴
W30X357,161,67,67,W760X531,67700.000 mm²,833.000 mm,531.0,338.0,92.5,18700000.000 mm³,2930000.000 mm³,394.000 mm,56.900 mm,31.500 mm,7780000000.000 mm⁴,579000000.000 mm⁴
W14X665,162,178,178,W360X990,126000.000 mm²,549.000 mm,990.0,203.0,117.0,18800000.000 mm³,7730000.000 mm³,450.000 mm,115.000 mm,71.900 mm,5160000000.000 mm⁴,1740000000.000 mm⁴
W40X297,163,12,12,W1000X443,56300.000 mm²,1.010 m,443.0,414.0,89.9,19200000.000 mm³,2260000.000 mm³,401.000 mm,41.900 mm,23.600 mm,9660000000.000 mm⁴,454000000.000 mm⁴
W40X327,164,19,19,W1000X486,61900.000 mm²,1.040 m,486.0,406.0,65.5,19700000.000 mm³,1720000.000 mm³,307.000 mm,54.100 mm,30.000 mm,10200000000.000 mm⁴,266000000.000 mm⁴
W40X331,165,18,18,W1000X494,63000.000 mm²,1.040 m,494.0,404.0,65.3,19800000.000 mm³,1740000.000 mm³,310.000 mm,54.100 mm,31.000 mm,10300000000.000 mm⁴,268000000.000 mm⁴
W33X354,166,54,54,W840X527,67100.000 mm²,904.000 mm,527.0,368.0,95.0,20300000.000 mm³,2970000.000 mm³,409.000 mm,53.100 mm,29.500 mm,9160000000.000 mm⁴,608000000.000 mm⁴
W44X290,167,1,1,W1100X433,55100.000 mm²,1.110 m,433.0,452.0,88.6,20300000.000 mm³,2160000.000 mm³,401.000 mm,40.100 mm,22.000 mm,11200000000.000 mm⁴,433000000.000 mm⁴
W36X330,168,38,38,W920X491,62500.000 mm²,958.000 mm,491.0,394.0,97.3,20300000.000 mm³,2800000.000 mm³,422.000 mm,47.000 mm,25.900 mm,9700000000.000 mm⁴,591000000.000 mm⁴
W30X391,169,66,66,W760X582,74200.000 mm²,843.000 mm,582.0,340.0,93.2,20500000.000 mm³,3240000.000 mm³,396.000 mm,62.000 mm,34.500 mm,8620000000.000 mm⁴,645000000.000 mm⁴
W14X730,170,177,177,W360X1086,139000.000 mm²,569.000 mm,1090.0,208.0,119.0,21000000.000 mm³,8640000.000 mm³,455.000 mm,125.000 mm,78.000 mm,5950000000.000 mm⁴,1960000000.000 mm⁴
W40X324,171,11,11,W1000X483,61500.000 mm²,1.020 m,483.0,417.0,90.9,21000000.000 mm³,2510000.000 mm³,404.000 mm,46.000 mm,25.400 mm,10700000000.000 mm⁴,508000000.000 mm⁴
W36X361,172,37,37,W920X537,68400.000 mm²,965.000 mm,537.0,396.0,97.8,22100000.000 mm³,3080000.000 mm³,424.000 mm,51.100 mm,28.400 mm,10700000000.000 mm⁴,653000000.000 mm⁴
W33X387,173,53,53,W840X576,73500.000 mm²,914.000 mm,576.0,371.0,95.8,22100000.000 mm³,3280000.000 mm³,411.000 mm,57.900 mm,32.000 mm,10100000000.000 mm⁴,674000000.000 mm⁴
W14X808,174,176,176,W360X1202,154000.000 mm²,579.000 mm,1200.0,208.0,123.0,22800000.000 mm³,9780000.000 mm³,472.000 mm,130.000 mm,95.000 mm,6620000000.000 mm⁴,2310000000.000 mm⁴
W44X335,175,0,0,W1100X499,63500.000 mm²,1.120 m,499.0,452.0,88.6,23100000.000 mm³,2460000.000 mm³,404.000 mm,45.000 mm,26.200 mm,12900000000.000 mm⁴,499000000.000 mm⁴
W40X362,176,10,10,W1000X539,68400.000 mm²,1.030 m,539.0,419.0,91.4,23300000.000 mm³,2830000.000 mm³,406.000 mm,51.100 mm,28.400 mm,12000000000.000 mm⁴,574000000.000 mm⁴
W40X392,177,17,17,W1000X584,74800.000 mm²,1.060 m,584.0,409.0,67.1,23600000.000 mm³,2130000.000 mm³,315.000 mm,64.000 mm,36.100 mm,12400000000.000 mm⁴,334000000.000 mm⁴
W40X372,178,9,9,W1000X554,71000.000 mm²,1.030 m,554.0,419.0,91.4,23900000.000 mm³,2900000.000 mm³,409.000 mm,52.100 mm,29.500 mm,12300000000.000 mm⁴,591000000.000 mm⁴
W36X395,179,36,36,W920X588,74800.000 mm²,975.000 mm,588.0,399.0,98.6,24400000.000 mm³,3410000.000 mm³,427.000 mm,55.900 mm,31.000 mm,11900000000.000 mm⁴,728000000.000 mm⁴
W14X873,180,175,175,W360X1299,166000.000 mm²,599.000 mm,1300.0,213.0,124.0,25100000.000 mm³,10800000.000 mm³,478.000 mm,140.000 mm,100.000 mm,7530000000.000 mm⁴,2570000000.000 mm⁴
W40X397,181,8,8,W1000X591,75500.000 mm²,1.040 m,591.0,422.0,92.5,25600000.000 mm³,3130000.000 mm³,409.000 mm,55.900 mm,31.000 mm,13300000000.000 mm⁴,641000000.000 mm⁴
W27X539,182,82,82,W690X802,103000.000 mm²,826.000 mm,802.0,323.0,92.7,25700000.000 mm³,4540000.000 mm³,389.000 mm,89.900 mm,50.000 mm,10700000000.000 mm⁴,878000000.000 mm⁴
W36X441,183,35,35,W920X656,83900.000 mm²,988.000 mm,656.0,399.0,99.6,27000000.000 mm³,3850000.000 mm³,432.000 mm,62.000 mm,34.500 mm,13400000000.000 mm⁴,828000000.000 mm⁴
W40X431,184,7,7,W1000X642,81900.000 mm²,1.050 m,642.0,422.0,92.7,27700000.000 mm³,3410000.000 mm³,411.000 mm,59.900 mm,34.000 mm,14500000000.000 mm⁴,703000000.000 mm⁴
W36X487,185,34,34,W920X725,92300.000 mm²,998.000 mm,725.0,401.0,101.0,30000000.000 mm³,4310000.000 mm³,434.000 mm,68.100 mm,38.100 mm,15000000000.000 mm⁴,937000000.000 mm⁴
W40X503,186,6,6,W1000X748,95500.000 mm²,1.070 m,748.0,427.0,94.5,32400000.000 mm³,4080000.000 mm³,417.000 mm,70.100 mm,39.100 mm,17300000000.000 mm⁴,849000000.000 mm⁴
W36X529,187,33,33,W920X787,101000.000 mm²,1.010 m,787.0,406.0,102.0,32600000.000 mm³,4740000.000 mm³,437.000 mm,73.900 mm,40.900 mm,16500000000.000 mm⁴,1040000000.000 mm⁴
W40X593,188,5,5,W1000X883,112000.000 mm²,1.090 m,883.0,432.0,96.5,38300000.000 mm³,4950000.000 mm³,424.000 mm,82.000 mm,45.500 mm,21000000000.000 mm⁴,1050000000.000 mm⁴
W36X652,189,32,32,W920X970,124000.000 mm²,1.040 m,970.0,411.0,104.0,40300000.000 mm³,6010000.000 mm³,447.000 mm,89.900 mm,50.000 mm,21100000000.000 mm⁴,1340000000.000 mm⁴
W40X655,190,4,4,W1000X976,125000.000 mm²,1.110 m,975.0,434.0,98.0,42500000.000 mm³,5570000.000 mm³,429.000 mm,89.900 mm,50.000 mm,23500000000.000 mm⁴,1190000000.000 mm⁴
W36X723,191,31,31,W920X1077,137000.000 mm²,1.060 m,1080.0,417.0,106.0,44900000.000 mm³,6820000.000 mm³,452.000 mm,99.100 mm,55.100 mm,23800000000.000 mm⁴,1540000000.000 mm⁴
W36X802,192,30,30,W920X1194,152000.000 mm²,1.080 m,1190.0,422.0,107.0,49800000.000 mm³,7670000.000 mm³,457.000 mm,109.000 mm,60.500 mm,27000000000.000 mm⁴,1750000000.000 mm⁴
W36X853,193,29,29,W920X1269,162000.000 mm²,1.090 m,1270.0,424.0,109.0,53300000.000 mm³,8280000.000 mm³,462.000 mm,115.000 mm,64.000 mm,29100000000.000 mm⁴,1910000000.000 mm⁴
W36X925,194,28,28,W920X1377,175000.000 mm²,1.090 m,1380.0,417.0,108.0,55600000.000 mm³,8700000.000 mm³,472.000 mm,115.000 mm,76.700 mm,30400000000.000 mm⁴,2060000000.000 mm⁴
