AISC_Manual_Label,A,d,W,rx,ry,Sx,Sy,bf,tf,tw,Ix,Iy
W310x107,13600,313,1059,132,63.0,537,206,310,18.7,10.8,84100,24600
W310x97,12300,311,970,131,63.0,485,206,309,17.4,11.1,75400,24200
W310x86,11000,310,855,129,62.5,424,200,309,16.3,11.6,65800,23800
W310x79,10100,310,790,129,61.6,394,196,309,15.8,11.9,61200,23600
W310x74,9420,310,737,128,60.8,366,192,309,15.4,12.2,57000,23200
W310x67,8540,309,672,127,59.5,333,185,308,14.8,12.7,51700,22500
W310x60,7610,307,601,125,57.7,296,176,307,14.0,13.4,45900,21600
W310x52,6650,306,524,123,55.2,258,165,306,13.2,14.3,39800,20200
W310x45,5890,305,455,122,52.9,225,155,306,12.5,15.1,34700,18900
W310x39,4980,303,390,120,50.1,192,144,305,11.8,16.0,29600,17500
W310x33,4200,302,329,117,46.9,161,132,305,11.0,17.0,24800,15900
W310x28,3540,300,278,114,42.6,134,118,304,10.2,18.1,20300,14100
W310x24,3020,298,238,111,38.4,111,105,303,9.4,19.2,16500,12400
W310x21,2680,303,210,106,33.8,95.4,90.4,166,8.9,13.0,14500,7220
W250x101,12900,267,1010,114,60.5,417,204,265,17.3,11.2,55800,24100
W250x89,11400,266,886,113,60.0,365,203,265,16.2,11.4,48900,23900
W250x80,10200,265,797,112,59.6,326,202,264,15.5,11.6,43600,23600
W250x73,9280,264,725,111,58.9,294,199,264,14.9,11.9,39300,23300
W250x67,8490,263,663,110,58.1,266,196,263,14.4,12.1,35400,22900
W250x58,7420,262,580,109,56.8,230,189,263,13.5,12.6,30700,22200
W250x49,6280,261,491,107,55.1,197,181,262,12.6,13.3,26200,21200
W250x45,5690,266,448,104,50.6,179,157,260,12.2,11.4,23900,18600
W250x39,4880,253,388,102,47.3,152,141,254,11.4,12.0,19900,16500
W250x32,4080,258,323,97.0,42.4,129,122,258,10.8,11.2,16900,14300
W250x28,3490,260,280,92.8,37.3,112,104,259,10.3,9.9,14700,12300
W250x25,3050,257,248,89.7,33.7,98.7,91.9,257,9.9,9.4,12900,10800
W250x22,2850,254,223,86.1,29.7,89.1,79.2,206,9.1,10.2,11700,8270
W200x71,9110,210,705,87.8,50.5,236,157,210,15.6,10.2,19400,16000
W200x59,7540,207,588,86.2,49.6,195,155,207,14.2,10.5,16000,15600
W200x52,6650,206,518,85.0,49.0,171,154,206,13.5,10.7,14000,15400
W200x46,5880,205,458,84.0,48.1,151,151,205,12.8,11.0,12300,15000
W200x42,5340,205,418,83.2,47.3,137,148,205,12.3,11.3,11200,14800
W200x36,4550,203,356,82.0,45.6,118,142,203,11.3,11.9,9660,14200
W200x31,3950,201,308,80.3,43.3,101,134,201,10.5,12.6,8320,13400
W200x27,3400,200,265,78.2,40.5,86.4,124,200,9.6,13.4,7100,12300
W200x22,2850,206,222,73.7,35.3,76.3,102,203,9.0,11.3,6340,9930
W200x19,2450,203,194,70.6,31.2,66.8,87.6,203,8.5,11.8,5500,8740
W200x15,1960,200,150,67.3,26.4,54.1,70.0,200,7.6,12.6,4340,6950
W150x37,4690,162,371,64.8,38.7,91.1,78.8,162,11.8,8.1,14700,7730
W150x30,3790,157,301,63.0,37.5,74.6,77.2,157,10.9,8.4,12000,7630
W150x24,3060,153,242,61.0,35.6,60.1,73.0,154,9.9,8.9,9560,7310
W150x22,2850,160,220,58.0,30.5,54.9,58.8,161,9.3,8.1,8680,5830
W150x18,2310,153,181,56.0,28.1,45.5,52.8,154,8.6,8.6,7090,5240
W150x13,1680,150,129,51.5,22.3,32.4,38.2,151,7.3,9.3,4930,3590
W410x149,19000,418,1490,169,73.2,706,260,413,22.2,13.0,119000,31700
W410x132,16800,416,1320,168,72.6,625,259,412,20.8,13.3,105000,31500
W410x119,15200,415,1190,167,72.1,562,258,411,19.7,13.6,94700,31200
W410x114,14500,420,1130,163,66.8,539,227,415,19.1,11.4,91000,27300
W410x100,12700,416,1000,162,66.1,474,226,413,17.9,11.8,80000,26900
W410x85,10800,413,852,160,64.9,400,224,411,16.5,12.2,67400,26400
W410x75,9510,411,748,158,63.3,348,220,410,15.4,12.7,58800,25800
W410x68,8600,410,677,157,62.3,316,218,409,14.8,13.0,53400,25500
W410x60,7590,408,599,155,60.7,278,214,408,13.8,13.6,46800,24900
W410x54,6830,407,538,154,59.5,248,210,407,13.1,14.1,41700,24300
W410x46,5870,403,462,152,57.1,211,201,404,12.1,14.9,35400,23200
W410x38,4840,399,383,149,54.1,173,190,400,11.0,15.8,28900,21900
W360x196,25000,372,1960,156,85.0,932,340,370,26.2,13.5,145000,38700
W360x179,22800,369,1790,155,84.3,850,338,368,24.9,13.8,132000,38400
W360x162,20600,367,1620,154,83.6,770,336,366,23.8,14.0,120000,38100
W360x150,19100,366,1500,153,83.1,714,335,365,23.0,14.3,111000,37800
W360x134,17100,364,1340,152,82.3,636,333,364,21.7,14.7,98900,37400
W360x122,15500,363,1220,151,81.6,573,332,363,20.7,15.0,89400,37100
W360x110,14000,361,1100,150,80.8,514,330,362,19.6,15.3,80300,36800
W360x101,12900,360,1010,149,80.1,472,329,361,18.7,15.6,73800,36500
W360x91,11500,358,914,148,79.0,422,326,360,17.5,16.0,65700,36000
W360x79,10000,356,796,146,77.2,364,322,358,16.2,16.6,56700,35300
W360x64,8080,353,642,144,74.5,290,315,355,14.4,17.5,45100,34000
W360x57,7210,352,570,143,73.2,257,312,354,13.7,17.9,40000,33600
W360x51,6480,351,510,142,71.7,229,308,353,12.8,18.4,35800,33100
W360x44,5580,352,442,138,65.8,199,268,353,12.0,15.8,31100,28600
W360x39,4940,353,393,135,61.4,177,240,354,11.3,14.3,27800,25600
W360x32,4030,349,319,131,55.6,143,207,349,10.4,13.0,22500,22000
W530x101,12900,533,1010,207,59.8,1080,263,530,15.8,10.2,227000,15700
W530x92,11800,531,919,206,59.3,977,262,529,15.1,10.5,205000,15600
W530x82,10400,528,822,204,58.6,864,260,527,14.2,10.9,181000,15400
W530x74,9440,527,742,203,58.1,779,259,526,13.6,11.1,163000,15200
W530x66,8380,525,658,202,57.3,690,257,525,12.8,11.4,145000,15000
W530x82,10400,528,822,204,58.6,864,260,527,14.2,10.9,181000,15400
W610x113,14400,612,1130,244,63.2,1410,310,611,17.3,11.2,345000,19100
W610x101,12900,611,1010,243,62.6,1260,309,610,16.1,11.5,308000,18900
W610x91,11500,609,914,241,61.9,1130,307,609,15.1,11.8,276000,18700
W610x82,10400,608,822,240,61.3,1010,306,608,14.3,12.1,248000,18500
W610x74,9450,606,742,239,60.5,910,304,606,13.5,12.4,223000,18200
